epoch,time,train/loss,metrics/accuracy_top1,metrics/accuracy_top5,val/loss,lr/pg0,lr/pg1,lr/pg2
1,5.74085,3.02787,0.15,0.3,3.05922,5.004e-05,5.004e-05,5.004e-05
2,11.1203,3.01562,0.15,0.35,2.96034,8.36085e-05,8.36085e-05,8.36085e-05
3,14.5535,2.95786,0.2,0.4,2.90536,9.57098e-05,9.57098e-05,9.57098e-05
4,17.9073,2.90309,0.2,0.45,2.90082,8.6344e-05,8.6344e-05,8.6344e-05
5,21.2989,2.91624,0.25,0.45,2.8651,5.5511e-05,5.5511e-05,5.5511e-05
